left_out_participant_id,left_out_session_id,manual_step4_override,n_remaining_participants,n_remaining_abstract_trials,n_remaining_concrete_trials,front_hbo_estimate_mean,front_hbo_t_stat,front_hbo_df,front_hbo_p_value,front_hbo_ci_low,front_hbo_ci_high,front_hbo_cohens_dz,front_hbo_significant_alpha_0_05,front_hbo_abstract_mean,front_hbo_concrete_mean,back_hbo_estimate_mean,back_hbo_t_stat,back_hbo_df,back_hbo_p_value,back_hbo_ci_low,back_hbo_ci_high,back_hbo_cohens_dz,back_hbo_significant_alpha_0_05,back_hbo_abstract_mean,back_hbo_concrete_mean,dissociation_hbo_estimate_mean,dissociation_hbo_t_stat,dissociation_hbo_df,dissociation_hbo_p_value,dissociation_hbo_ci_low,dissociation_hbo_ci_high,dissociation_hbo_cohens_dz,dissociation_hbo_significant_alpha_0_05,front_hbr_estimate_mean,front_hbr_t_stat,front_hbr_df,front_hbr_p_value,front_hbr_ci_low,front_hbr_ci_high,front_hbr_cohens_dz,front_hbr_significant_alpha_0_05,front_hbr_abstract_mean,front_hbr_concrete_mean,back_hbr_estimate_mean,back_hbr_t_stat,back_hbr_df,back_hbr_p_value,back_hbr_ci_low,back_hbr_ci_high,back_hbr_cohens_dz,back_hbr_significant_alpha_0_05,back_hbr_abstract_mean,back_hbr_concrete_mean,dissociation_hbr_estimate_mean,dissociation_hbr_t_stat,dissociation_hbr_df,dissociation_hbr_p_value,dissociation_hbr_ci_low,dissociation_hbr_ci_high,dissociation_hbr_cohens_dz,dissociation_hbr_significant_alpha_0_05
PID001,2025-11-06_008,False,35,524,521,3.002660418522836e-08,1.79665189004094,34,0.08128024177138332,-3.937349448269482e-09,6.39905578187262e-08,0.30368959782682625,False,2.2608959417836384e-08,-7.417644767391968e-09,9.269813098329048e-09,0.6048888720367745,34,0.5492689246962221,-2.1873968251206802e-08,4.04135944478649e-08,0.10224488076796262,False,-5.93434435102284e-08,-6.861325660855745e-08,2.075679108689932e-08,1.1657192354073127,34,0.2518408085569214,-1.5429344850599405e-08,5.694292702439804e-08,0.19704251432467268,False,1.904071011212155e-09,0.29546359175676024,34,0.7694366955627394,-1.119242536209575e-08,1.500056738452006e-08,0.04994246233811907,False,2.1013845505046545e-09,1.973135392924981e-10,-1.6723851886036057e-09,-0.3516943952524205,34,0.7272378439193945,-1.1336160508550399e-08,7.991390131343187e-09,-0.059447202902351164,False,4.395204404553544e-09,6.0675895931571476e-09,3.576456199815765e-09,0.49905760877230765,34,0.6209526547526356,-1.0987460564765604e-08,1.8140372964397133e-08,0.08435613228171103,False
PID002,2025-11-06_PID002,False,35,524,521,3.142514095829565e-08,1.8798174533934378,34,0.06872455855839062,-2.548141953694267e-09,6.539842387028558e-08,0.3177471437696777,False,2.724777707757337e-08,-4.177363880722283e-09,1.248178143618987e-08,0.817104935773113,34,0.41955745183695614,-1.8562005817647147e-08,4.352556869002689e-08,0.13811594260566357,False,-5.830713770655278e-08,-7.078891914274265e-08,1.894335952210579e-08,1.0656398078753668,34,0.2940957544916373,-1.7182860700077887e-08,5.506957974428946e-08,0.18012600352678906,False,-3.11657403812643e-11,-0.004944475163396423,34,0.996083793736144,-1.2840696110261668e-08,1.277836462949914e-08,-0.0008357688443487928,False,1.8892259695133044e-09,1.920391709894569e-09,-2.279701465843565e-09,-0.4832429649332645,34,0.6320206964949651,-1.1866826624476636e-08,7.3074236927895046e-09,-0.08168296957619436,False,4.89729666009394e-09,7.176998125937504e-09,2.248535725462306e-09,0.31515585395235757,34,0.7545695248789563,-1.2250875676130416e-08,1.674794712705503e-08,0.05327106217408679,False
PID003,2025-11-11_003,False,35,524,521,2.4484005593554765e-08,1.5871771168305953,34,0.12173023844709531,-6.865668873127177e-09,5.583368006023671e-08,0.2682818986594235,False,2.7056864100727912e-08,2.5728585071731433e-09,6.240512278418164e-09,0.424366292496512,34,0.6739719685769545,-2.3644629490350753e-08,3.6125654047187085e-08,0.07173099553335865,False,-6.044254518103947e-08,-6.668305745945764e-08,1.824349331513661e-08,1.0299711713458475,34,0.3102951692801324,-1.7752891973992626e-08,5.423987860426585e-08,0.1740969035421314,False,2.591232008253685e-09,0.4083806088914497,34,0.6855549308217619,-1.0303643278397395e-08,1.5486107294904766e-08,0.0690289218306462,False,4.864038245494304e-09,2.2728062372406193e-09,-1.4879952777038292e-09,-0.3132375240735983,34,0.7560137510596328,-1.1141916026655312e-08,8.165925471247653e-09,-0.052946805242285545,False,6.223397780189681e-09,7.711393057893507e-09,4.079227285957517e-09,0.5737152474376509,34,0.5699364682682743,-1.0370427470772836e-08,1.852888204268787e-08,0.09697557647491085,False
PID004,2025-11-11_004,False,35,524,521,3.099596179489581e-08,1.852840740179258,34,0.07260167526476956,-3.0012252286389322e-09,6.499314881843056e-08,0.31318724697936673,False,2.1921317329455764e-08,-9.074644465440043e-09,1.2168538388548094e-08,0.7947138668538037,34,0.4322926420857508,-1.8948881802507898e-08,4.3285958579604087e-08,0.13433116117264882,False,-5.867647108933907e-08,-7.084500947788718e-08,1.8827423406347724e-08,1.059627595754857,34,0.29678400775669694,-1.7281420866335673e-08,5.493626767903112e-08,0.1791097541959932,False,1.1471565758498095e-09,0.17749681939863474,34,0.8601714076394864,-1.1987178227990747e-08,1.4281491379690365e-08,0.03000243842310705,False,8.225072472019941e-10,-3.2464932864781527e-10,-1.1158479762853191e-09,-0.2365395057300407,34,0.8144333619166615,-1.0702728256770876e-08,8.471032304200238e-09,-0.039982473935824846,False,4.493126640899819e-09,5.608974617185136e-09,2.263004552135131e-09,0.31710574052457463,34,0.7531024592317106,-1.2239976592355428e-08,1.676598569662569e-08,0.053600653160636245,False
PID005,2025-11-12_001,False,35,524,521,2.9869736838522844e-08,1.788147964801324,34,0.08266749323485129,-4.077458740226544e-09,6.381693241727224e-08,0.30225217210719535,False,2.3542064116743657e-08,-6.327672721779191e-09,1.1865861000946426e-08,0.7735067819943691,34,0.44456754447060476,-1.9309471173033345e-08,4.30411931749262e-08,0.13074650957278083,False,-6.070963191787791e-08,-7.257549291882435e-08,1.8003875837576427e-08,1.018090706015344,34,0.31582506070763217,-1.793425580548092e-08,5.394200748063378e-08,0.17208873837768543,False,1.6106499749390238e-10,0.025383239236779223,34,0.9798976783941701,-1.2734194498227886e-08,1.305632449321569e-08,0.0042905505279511565,False,3.345374499818508e-10,1.7347245248794825e-10,-2.9034026830834965e-09,-0.6324462365540263,34,0.5313258395810818,-1.2232929558259593e-08,6.426124192092599e-09,-0.10690292554213464,False,3.5174289602526998e-09,6.420831643336194e-09,3.0644676805774017e-09,0.426506389271065,34,0.6724273222058277,-1.1537300955242494e-08,1.76662363163973e-08,0.0720927379122675,False
PID007,2025-11-13_001,False,35,524,521,2.8442673134604094e-08,1.7178676929470469,34,0.09491698995909492,-5.205125555268289e-09,6.209047182447647e-08,0.2903726379509715,False,2.0116638787383816e-08,-8.326034347220278e-09,8.365390916303021e-09,0.5500070721017786,34,0.5859098580414124,-2.2544247559776777e-08,3.9275029392382823e-08,0.09296816342351844,False,-5.934261015054377e-08,-6.77080010668468e-08,2.0077282218301076e-08,1.1268064723551843,34,0.2677144689966849,-1.6132969986660793e-08,5.6287534423262944e-08,0.1904650568733229,False,-3.021606368278774e-10,-0.04848116072295538,34,0.9616164545621825,-1.2968200103878948e-08,1.2363878830223193e-08,-0.008194811851836556,False,2.0963725080782072e-09,2.3985331449060846e-09,-2.651057040925453e-09,-0.5697368172575628,34,0.5726017372284069,-1.2107346246952388e-08,6.805232165101481e-09,-0.0963030990361425,False,4.864447300947517e-09,7.515504341872971e-09,2.3488964040975787e-09,0.3286909712245922,34,0.7444052699389003,-1.2173960133150343e-08,1.68717529413455e-08,0.05555891456426249,False
PID008,2025-11-14_002,False,35,524,521,3.3214942140251396e-08,2.0079939208083046,34,0.05264245198891825,-4.0113761593609336e-10,6.683102189643889e-08,0.33941292112802696,False,2.5939211890482722e-08,-7.275730249768674e-09,1.1440408112539745e-08,0.7443508557675653,34,0.46177818069072485,-1.9794467740579238e-08,4.267528396565873e-08,0.12581825855255405,False,-6.036749841944144e-08,-7.180790653198119e-08,2.1774534027711657e-08,1.2276526363623883,34,0.22800934809772241,-1.4270822704374906e-08,5.7819890759798224e-08,0.20751116979007056,False,2.2542307178557997e-09,0.3520172469800889,34,0.726997890749272,-1.0759756631908658e-08,1.5268218067620256e-08,0.059501774804608235,False,2.1228028049156256e-09,-1.3142791294017347e-10,-1.229260063798789e-09,-0.2598447665045363,34,0.796550598122287,-1.0843296354712598e-08,8.38477622711502e-09,-0.043921781996049354,False,4.646708707833126e-09,5.875968771631914e-09,3.48349078165459e-09,0.4856609148872783,34,0.6303227944005605,-1.1093150651225656e-08,1.8060132214534837e-08,0.08209167771446543,False
PID009,2025-11-14_002 (PID09),False,35,525,523,3.423864185051408e-08,2.094495229028598,34,0.043742033602892166,1.0176103853461955e-09,6.745967331568197e-08,0.3540343108644198,True,2.4685382261629335e-08,-9.553259588884747e-09,1.190453070466887e-08,0.7761937982508952,34,0.44300086401075045,-1.9264124874755677e-08,4.307318628409341e-08,0.13120069821712638,False,-6.30451233121253e-08,-7.494965401679418e-08,2.233411114584522e-08,1.2638064676689742,34,0.2148961091545285,-1.3579912011792295e-08,5.8248134303482736e-08,0.21362228266077016,False,1.3865196297578862e-09,0.21439135558151204,34,0.8315225422980177,-1.1756486518945656e-08,1.4529525778461427e-08,0.036238753269345836,False,2.489931516504188e-09,1.103411886746303e-09,-1.5316143942598354e-09,-0.322295503161792,34,0.7492023080887851,-1.1189257496912756e-08,8.126028708393084e-09,-0.054477883155411314,False,4.435581179550678e-09,5.9671955738105115e-09,2.9181340240177228e-09,0.4062407117692537,34,0.6871114177186883,-1.1680013517461831e-08,1.7516281565497277e-08,0.06866721319914515,False
PID010,2025-11-14_003,False,35,524,521,3.2015493348796125e-08,1.9191823523141034,34,0.06338654654025243,-1.886084837735809e-09,6.591707153532807e-08,0.32440102613162947,False,2.5632975608306578e-08,-6.382517740489546e-09,1.2672234698480576e-08,0.830954500878832,34,0.4117968924788423,-1.831993076850433e-08,4.3664400165465486e-08,0.14045694638071116,False,-5.802706974869085e-08,-7.069930444717142e-08,1.9343258650315557e-08,1.0867097619678012,34,0.2848095585901702,-1.6830366139098083e-08,5.551688343972919e-08,0.1836874757964201,False,1.1828188494313012e-09,0.1829799100310977,34,0.85590056236615,-1.1954017385026007e-08,1.4319655083888609e-08,0.030929249898524677,False,1.1585511189927717e-09,-2.4267730438530004e-11,-8.580428362124081e-10,-0.18349753820391657,34,0.8554976010904555,-1.0360910611551588e-08,8.644824939126772e-09,-0.031016745029049716,False,3.2044425400047934e-09,4.062485376217202e-09,2.04086168564371e-09,0.28720331187965453,34,0.775699833122348,-1.2400232073972312e-08,1.6481955445259734e-08,0.048546220201442225,False
PID011,2025-11-18_002,False,35,524,521,3.319560110625969e-08,2.0064601436979754,34,0.05281360623230412,-4.2658585498410957e-10,6.681778806750349e-08,0.33915366547790693,False,2.7517177002205483e-08,-5.678424104054211e-09,1.323234811025771e-08,0.8728121616032377,34,0.38888810325988976,-1.757767949414244e-08,4.404237571465786e-08,0.147532182391554,False,-5.91581367912626e-08,-7.239048490152032e-08,1.9963252996001984e-08,1.12045064255896,34,0.27037404631746365,-1.6245580975112145e-08,5.617208696711611e-08,0.18939072555440103,False,1.2772804555682872e-09,0.19752410569124434,34,0.8445935878001242,-1.1864134277603429e-08,1.4418695188740003e-08,0.03338766766728007,False,3.885431125199875e-09,2.608150669631586e-09,-1.1419841620530459e-09,-0.2419086971026677,34,0.8103040862506168,-1.0735649337617767e-08,8.451681013511675e-09,-0.04089003292243032,False,6.219843061831263e-09,7.361827223884308e-09,2.4192646176213347e-09,0.33819768179080933,34,0.7372937426789599,-1.2118201191469246e-08,1.6956730426711916e-08,0.0571658419409647,False
PID012,2025-11-18_003,False,35,524,521,3.1440373294908165e-08,1.8807997406095915,34,0.06858680084264959,-2.5316252224712005e-09,6.541237181228752e-08,0.3179131806136973,False,2.4331349708338568e-08,-7.109023586569593e-09,6.1335920137869315e-09,0.41807442312928544,34,0.6785215196759615,-2.3681574862754643e-08,3.594875889032851e-08,0.07066747550017714,False,-6.451557000669742e-08,-7.064916202048436e-08,2.530678128112124e-08,1.4885596116362076,34,0.1458209282297541,-9.243106345167543e-09,5.985666890741003e-08,0.25161249783827383,False,7.579058725865033e-10,0.11776169742991753,34,0.9069494302939516,-1.2321474620041081e-08,1.383728636521409e-08,0.0199053599253894,False,1.1571741231219815e-09,3.992682505354766e-10,-1.0157974540033231e-09,-0.21598181089495372,34,0.8302924863917565,-1.057377268313593e-08,8.542177775129285e-09,-0.036507589284368,False,4.344147794479249e-09,5.359945248482572e-09,1.7737033265898281e-09,0.25125452977483853,34,0.8031297061399314,-1.2572700098856897e-08,1.6120106752036553e-08,0.042469766971803505,False
PID013,2025-11-18_004,False,35,524,521,3.073891572309263e-08,1.8373149785593414,34,0.07491673126687061,-3.261238539851269e-09,6.473906998603653e-08,0.3105629142811721,False,2.3730767785948115e-08,-7.008147937144511e-09,1.150847969245717e-08,0.7489672300478138,34,0.4590275099917981,-1.971858035407846e-08,4.27355397389928e-08,0.1265985682254283,False,-5.944450360463202e-08,-7.095298329708919e-08,1.9230436030635472e-08,1.0807122210897737,34,0.28743153031811924,-1.6931779286626253e-08,5.53926513478972e-08,0.1826737063582255,False,8.914489172091866e-10,0.1382515127014429,34,0.8908572210973462,-1.221251017832617e-08,1.3995408012744544e-08,0.023368770836455603,False,2.5513228894665468e-09,1.6598739722573586e-09,-8.403224064574188e-10,-0.17983899373052722,34,0.8583465291724097,-1.0336264088263305e-08,8.655619275348469e-09,-0.030398338143490022,False,5.4082112201906465e-09,6.248533626648064e-09,1.731771323666608e-09,0.24560389809135208,34,0.8074654166001286,-1.259773562335388e-08,1.6061278270687096e-08,0.041514635889963035,False
PID014,2025-11-19_002,False,35,524,521,3.281362433511783e-08,1.976877804106526,34,0.056210982303512826,-9.190159663380917e-10,6.654626463657375e-08,0.33415333744379944,False,2.592918487104784e-08,-6.884439464069991e-09,1.50213652541036e-08,1.0204500419874143,34,0.3147215354183661,-1.4893952305836779e-08,4.493668281404398e-08,0.1724875389447113,False,-5.036835596696106e-08,-6.538972122106467e-08,1.7792259081014246e-08,1.007732063536689,34,0.32070145719937704,-1.8088529209923242e-08,5.3673047371951734e-08,0.17033780822487615,False,1.1306668044286127e-11,0.0017910071120735979,34,0.9985814512968627,-1.2818298472426173e-08,1.2840911808514746e-08,0.0003027354562036069,False,4.5629643361303515e-10,4.4498976556874806e-10,-1.2539372400342732e-09,-0.2649199053939097,34,0.7926706926159808,-1.0873097670050224e-08,8.365223189981677e-09,-0.04477963704118777,False,3.8082708966156794e-09,5.062208136649953e-09,1.2652439080785617e-09,0.18231627602616124,34,0.8564172431319452,-1.2838186905588264e-08,1.5368674721745388e-08,0.03081707527795376,False
PID015,2025-11-19_003,False,35,524,521,3.452467943882114e-08,2.1206730763036297,34,0.0413237224063038,1.4396221475798113e-09,6.760973673006246e-08,0.3584591746652449,True,2.907907097794854e-08,-5.445608460872607e-09,1.3074720524353717e-08,0.8608541844116383,34,0.39534866288325665,-1.7791167656978438e-08,4.3940608705685876e-08,0.14551091533126864,False,-5.60965454442948e-08,-6.917126596864853e-08,2.144995891446744e-08,1.2073906614693917,34,0.23561428313562358,-1.4653982104892663e-08,5.7553899933827544e-08,0.20408627093206688,False,1.6928466148967124e-09,0.2620908713796607,34,0.7948328133433871,-1.1433433671521187e-08,1.4819126901314611e-08,0.044301443014404925,False,3.21311389267662e-09,1.5202672777799068e-09,-1.3334425622959613e-09,-0.2812897744739386,34,0.7801930221706072,-1.0967213753532727e-08,8.300328628940805e-09,-0.04754664994165481,False,4.534544080762685e-09,5.867986643058645e-09,3.026289177192675e-09,0.42120219575249535,34,0.6762583334325714,-1.1575153137156924e-08,1.7627731491542273e-08,0.071196165568243,False
PID016,2025-11-19_004,False,35,524,521,2.8834143969818874e-08,1.735905547464984,34,0.09163630880503983,-4.922318672468412e-09,6.259060661210616e-08,0.2934215918493732,False,2.4060963767195927e-08,-4.7731802026229446e-09,1.1033264403759697e-08,0.7170989852338666,34,0.4782108183037723,-2.023479128464532e-08,4.2301320092164714e-08,0.12121185168638081,False,-5.5261190162958004e-08,-6.629445456671771e-08,1.780087956605919e-08,1.0081516371544128,34,0.32050294663907875,-1.808235310046568e-08,5.3684112232584066e-08,0.1704087291105143,False,2.130640226313908e-09,0.33185374482297136,34,0.7420367823798816,-1.0917221878022882e-08,1.51785023306507e-08,0.056093520876945135,False,3.98306741689894e-09,1.8524271905850335e-09,-1.8680278322888512e-09,-0.39309634680158856,34,0.6967023666122794,-1.152542947519406e-08,7.789373810616358e-09,-0.06644541000351982,False,5.134435955207676e-09,7.002463787496527e-09,3.99866805860276e-09,0.5614716831438118,34,0.578158479544955,-1.0474494971060104e-08,1.8471831088265625e-08,0.09490603638371481,False
PID017,2025-11-20_001,False,35,524,521,3.5856634635138124e-08,2.2561026989931987,34,0.03060851193301327,3.5578173461957947e-09,6.815545192408045e-08,0.3813509590317183,True,2.6809617203791515e-08,-9.047017431346609e-09,1.3703483971964343e-08,0.9094590439144706,34,0.36951012875187306,-1.6917829045806815e-08,4.43247969897355e-08,0.1537266360931287,False,-5.473631339561967e-08,-6.843979736758403e-08,2.2153150663173797e-08,1.2519389786864268,34,0.21913649515871342,-1.3807562730828957e-08,5.811386405717655e-08,0.21161631089946142,False,3.7231069140506636e-10,0.058316594743420824,34,0.953837852653374,-1.2602149866472258e-08,1.3346771249282392e-08,0.00985730363373615,False,2.693172061485678e-09,2.3208613700806136e-09,-2.0543746151744786e-09,-0.43330673710782247,34,0.6675286763755,-1.1689561826055865e-08,7.58081259570691e-09,-0.07324220649384139,False,5.729742709229715e-09,7.784117324404192e-09,2.4266853065795457e-09,0.33920114485652686,34,0.7365444551362739,-1.2112233458639275e-08,1.6965604071798368e-08,0.0573354581568555,False
PID018,2025-11-20_002,False,35,524,523,3.555614430165318e-08,2.223434894060121,34,0.03293636387770778,3.0574283632726148e-09,6.805486024003374e-08,0.37582909216535193,True,2.6447279281503887e-08,-9.108865020149283e-09,8.926460591138013e-09,0.5838922678364601,34,0.5631468369189565,-2.2142199713612223e-08,3.9995120895888246e-08,0.09869580689301337,False,-5.625977074358966e-08,-6.518623133472768e-08,2.662968371051518e-08,1.612722306771736,34,0.11604981745492939,-6.927258038428954e-09,6.018662545945931e-08,0.2725998238527441,False,1.5517889927209218e-09,0.24004011320890645,34,0.8117405361245352,-1.1586076249544572e-08,1.4689654234986415e-08,0.04057418459680441,False,2.225664879811879e-09,6.738758870909577e-10,-1.1798709453481623e-09,-0.249692939967353,34,0.8043272823421832,-1.0782810662830024e-08,8.4230687721337e-09,-0.04220581011781609,False,4.968372738822583e-09,6.148243684170743e-09,2.731659938069085e-09,0.38064406783478083,34,0.7058353156301134,-1.1852570789713257e-08,1.7315890665851428e-08,0.06434059069354701,False
PID019,2025-11-20_003,False,35,524,521,3.223957739886521e-08,1.9348432240444113,34,0.06136452911733336,-1.6229616106848194e-09,6.610211640841524e-08,0.32704819660675494,False,2.4656982409782607e-08,-7.582594989082601e-09,9.354804995053712e-09,0.6101212054145005,34,0.5458381763960729,-2.1804989023284203e-08,4.051459901339163e-08,0.10312930653123127,False,-5.7389833783092875e-08,-6.674463877814658e-08,2.2884772403811516e-08,1.3010192594882486,34,0.20200022836742887,-1.2862164257929482e-08,5.863170906555251e-08,0.21991239252804742,False,8.400057993030577e-10,0.1303605105452137,34,0.897049452050886,-1.2255195855622939e-08,1.3935207454229053e-08,0.0220349480271738,False,3.1770684264644625e-09,2.3370626271614058e-09,-1.370564160405202e-09,-0.28894564826477886,34,0.7743774681172023,-1.1010167685767027e-08,8.269039364956624e-09,-0.04884072880325345,False,5.792160442749116e-09,7.162724603154318e-09,2.2105699597082616e-09,0.31004135927511567,34,0.7584219795944787,-1.2279169969129585e-08,1.6700309888546108e-08,0.05240655478663533,False
PID020,2025-11-20_004,False,35,524,521,2.5574408112456752e-08,1.6134732591989498,34,0.11588617769256508,-6.637746733787363e-09,5.778656295870087e-08,0.2727267579805358,False,2.0276668557283884e-08,-5.297739555172864e-09,7.790785498160079e-09,0.5157344035182602,34,0.609377578163771,-2.2908700407568038e-08,3.849027140388819e-08,0.08717502508866623,False,-6.189626188575917e-08,-6.968704738391924e-08,1.7783622614296686e-08,1.0073119144255043,34,0.32090032412677594,-1.8094707519716272e-08,5.366195274830965e-08,0.17026679006308845,False,1.223228699567687e-09,0.18919779364226352,34,0.8510627140761622,-1.191592985233721e-08,1.4362387251472582e-08,0.03198026405640138,False,5.63299242536346e-10,-6.599294570313411e-10,-2.0032774502910424e-09,-0.4221935717595345,34,0.6755416319152587,-1.1646128197703044e-08,7.639573297120957e-09,-0.07136373869831997,False,4.41310694211503e-09,6.41638439240607e-09,3.2265061498587307e-09,0.44916542165218654,34,0.6561624806230288,-1.1371789024358264e-08,1.7824801324075724e-08,0.07592281343725471,False
PID021,2025-11-21_001,False,35,524,521,3.370831387825289e-08,2.0483436833000495,34,0.04831056754878616,2.649340607249714e-10,6.71516936957808e-08,0.34623327581746355,True,2.125793282948145e-08,-1.245038104877143e-08,7.462227130908274e-09,0.4962806716985127,34,0.6228897461842724,-2.3095219449003533e-08,3.801967371082008e-08,0.08388674424510482,False,-6.352564726554201e-08,-7.098787439645028e-08,2.6246086747344627e-08,1.574747224979242,34,0.12457529483971606,-7.625041797791088e-09,6.011721529248034e-08,0.26618086346262615,False,9.989049562603184e-10,0.15473428779128706,34,0.8779457118688365,-1.2120482748089178e-08,1.4118292660609813e-08,0.0261548683358386,False,2.577338666307163e-09,1.5784337100468448e-09,-5.447764942255592e-10,-0.11830640060288693,34,0.9065210855577692,-9.902841937459341e-09,8.813288949008223e-09,-0.019997431566229244,False,6.333020572618716e-09,6.8777970668442745e-09,1.5436814504858791e-09,0.22019900793245997,34,0.8270330226897605,-1.2703150001396823e-08,1.579051290236858e-08,0.03722042568822338,False
PID022,2025-11-21_002,False,35,524,521,2.776641836958744e-08,1.6888570306594985,34,0.1003991885956011,-5.645617256055496e-09,6.117845399523038e-08,0.2854689410180088,False,2.394726018713728e-08,-3.819158182450155e-09,7.569054113280395e-09,0.50259666158175,34,0.618487913508783,-2.3036339511963145e-08,3.817444773852394e-08,0.08495434138963284,False,-5.9051355208195584e-08,-6.662040932147599e-08,2.0197364256307054e-08,1.1335522785422933,34,0.2649123099892202,-1.6012683916639657e-08,5.640741242925377e-08,0.19160530623344474,False,2.094489135124394e-09,0.3260001114659706,34,0.7464223493195619,-1.0962297948601743e-08,1.5151276218850533e-08,0.05510407624948715,False,2.8251733948003984e-09,7.306842596760042e-10,-1.577787927929638e-09,-0.3319086180765378,34,0.7419957122084871,-1.1238431486944974e-08,8.0828556310857e-09,-0.056102796149689625,False,5.248961647088503e-09,6.82674957501814e-09,3.6722770630540333e-09,0.5129865563261476,34,0.6112779077566839,-1.087579404339449e-08,1.8220348169502558e-08,0.08671055413951469,False
PID023,2025-11-21_003,False,35,524,521,2.953537339940794e-08,1.7705482128974943,34,0.08560228948574526,-4.36548283503926e-09,6.343622963385513e-08,0.29927727106645774,False,2.318765675223035e-08,-6.3477166471775835e-09,1.1774457678492046e-08,0.7671807114042867,34,0.4482690096234434,-1.9415816805220166e-08,4.296473216220426e-08,0.12967720847779662,False,-5.961774082358327e-08,-7.139219850207532e-08,1.7760915720915904e-08,1.006208228136019,34,0.32142312690481767,-1.8110907272571728e-08,5.363273871440354e-08,0.17008023303039962,False,2.7066049034406462e-09,0.4282210232183747,34,0.671190800798295,-1.0138357524068783e-08,1.5551567330950076e-08,0.07238256394744165,False,2.746058199038056e-09,3.945329559740895e-11,-1.6431651169259599e-09,-0.34556868892188053,34,0.731795924493998,-1.1306405433035953e-08,8.020075199184033e-09,-0.058411769548656504,False,5.100234089212433e-09,6.743399206138391e-09,4.349770020366607e-09,0.6157576982461408,34,0.5421548868590591,-1.0006195428158356e-08,1.870573546889157e-08,0.10408204771091277,False
PID024,2025-11-25_001,False,35,524,521,3.071662584630319e-08,1.8359904042716695,34,0.07511712341293837,-3.28338530608604e-09,6.471663699869241e-08,0.3103390203621861,False,2.250105443410181e-08,-8.215571412201372e-09,6.631598337817155e-09,0.44736172608109237,34,0.6574511028614256,-2.3493976838425052e-08,3.675717351405936e-08,0.07561793324002566,False,-6.230967133125382e-08,-6.8941269669071e-08,2.4085027508486037e-08,1.3885619736893933,34,0.17399644249690416,-1.1164868310593775e-08,5.9334923327565845e-08,0.23470981200356344,False,1.7532694170730646e-09,0.2715904032022011,34,0.7875793071863659,-1.136601647886e-08,1.487255531300613e-08,0.04590715696195472,False,1.1827002184867026e-09,-5.705691985863631e-10,-8.491104115380515e-10,-0.18165366684329107,34,0.8569331901542973,-1.0348505615827286e-08,8.650284792751183e-09,-0.030705073883928777,False,4.465690163232647e-09,5.314800574770696e-09,2.6023798286111184e-09,0.36302230855775386,34,0.7188354677009612,-1.1966069528855149e-08,1.7170829186077386e-08,0.06136196972779081,False
PID025,2025-11-25_002,True,35,524,521,3.0214787630300726e-08,1.8070651616164428,34,0.07960844222553308,-3.7650807032534786e-09,6.419465596385493e-08,0.3054497619823622,False,2.3209989211559975e-08,-7.004798418740753e-09,9.357093397200831e-09,0.6102622880652259,34,0.5457458248992096,-2.18031176325884e-08,4.051730442699006e-08,0.10315315385173705,False,-5.941649849821832e-08,-6.877359189541916e-08,2.0857694233099906e-08,1.171656124467442,34,0.24948049458105676,-1.5320100340808805e-08,5.703548880700862e-08,0.19804603173447655,False,2.2074103658894985e-09,0.3443500554521618,34,0.7327038847493645,-1.0820023563224994e-08,1.523484429500399e-08,0.05820578289627903,False,3.229718665746479e-09,1.0223082998569793e-09,-2.4425185968760543e-09,-0.5204356262746385,34,0.6061327320524483,-1.1980288028495134e-08,7.0952508347430256e-09,-0.08796967677166218,False,4.768460291497029e-09,7.210978888373082e-09,4.649928962765556e-09,0.6643091019898654,34,0.510972965103591,-9.57506445519592e-09,1.8874922380727033e-08,0.11228873280032294,False
PID026,2025-11-25_003,False,35,524,521,2.8715065144299627e-08,1.7303212362433522,34,0.09264164762775436,-5.010483760653138e-09,6.24406140492524e-08,0.29247767097163513,False,2.2053647516541358e-08,-6.661417627758264e-09,1.2629141638702188e-08,0.8278046228958976,34,0.4135540602702963,-1.8375159427971022e-08,4.36334427053754e-08,0.1399245198248806,False,-5.7004201174727e-08,-6.963334281342919e-08,1.6085923505597448e-08,0.9283815293696144,34,0.3597540513295632,-1.9126463522128765e-08,5.129831053332366e-08,0.15692511991161937,False,6.87707100896048e-10,0.10697977710176206,34,0.9154337902072789,-1.2376341242421914e-08,1.3751755444214011e-08,0.018082882757492508,False,1.8309875766903723e-09,1.1432804757943227e-09,-2.65830930215771e-09,-0.5714892833307945,34,0.5714269463311785,-1.2111390297643664e-08,6.794771693328245e-09,-0.09659931986775433,False,3.904941232902608e-09,6.563250535060317e-09,3.3460164030537615e-09,0.46604532161445195,34,0.6441551098486257,-1.1244674990729696e-08,1.793670779683722e-08,0.0787760372917548,False
PID027,2025-11-25_004,False,35,524,521,2.785143285650733e-08,1.692355623808054,34,0.09972437273235932,-5.593618941711982e-09,6.129648465472664e-08,0.2860603111950219,False,1.9651170820397397e-08,-8.200262036109932e-09,7.35113245643756e-09,0.4897204391866323,34,0.62747675182207,-2.3154636501613098e-08,3.785690141448822e-08,0.08277786256122,False,-6.339913269974902e-08,-7.075026515618658e-08,2.0500300400069782e-08,1.150816511881754,34,0.2578372030559717,-1.5701494149508556e-08,5.670209494964812e-08,0.19452349428573895,False,3.4835993515045113e-09,0.5717692242478475,34,0.5712393949058633,-8.89818923473988e-09,1.5865387937748903e-08,0.0966466385191783,False,3.892684440420329e-09,4.090850889158149e-10,-1.3036155125039962e-09,-0.2751446219609935,34,0.7848703333859792,-1.0932244444685083e-08,8.325013419677091e-09,-0.046507929583200575,False,5.051260727014462e-09,6.354876239518455e-09,4.78721486400851e-09,0.6872841610949002,34,0.49656541125177334,-9.368198097650165e-09,1.8942627825667186e-08,0.11617222659137481,False
PID028,2025-11-26_001,False,35,524,521,3.466356340460309e-08,2.13372694062947,34,0.04016258307501874,1.6486377076864492e-09,6.767848910151974e-08,0.36066568046037145,True,2.3783297646954713e-08,-1.0880265757648368e-08,1.1129450260947554e-08,0.723483407655144,34,0.4743313637533123,-2.013286197070532e-08,4.239176249260043e-08,0.12229101604104615,False,-6.019525103168654e-08,-7.132470129263408e-08,2.3534113143655544e-08,1.347205788012635,34,0.1868245706541525,-1.1966827130962227e-08,5.903505341827332e-08,0.22771934074675249,False,3.341191134531713e-09,0.543914066948851,34,0.59004982654649,-9.142614213292919e-09,1.5824996482356345e-08,0.09193825757770253,False,3.577223830688553e-09,2.360326961568381e-10,-1.6656520795636495e-09,-0.35028168216983857,34,0.7282881434155826,-1.1329338379567195e-08,7.998034220439897e-09,-0.05920841080786021,False,5.170177891761194e-09,6.8358299713248415e-09,5.006843214095364e-09,0.7251803031681131,34,0.4733033016136864,-9.024328877048924e-09,1.903801530523965e-08,0.12257784373356925,False
PID029,2025-11-26_001(PID029),False,35,524,521,3.035085752020854e-08,1.814740390138203,34,0.07839499147707903,-3.6376754312351952e-09,6.433939047165229e-08,0.30674711239059815,False,2.5049534050273533e-08,-5.301323469935008e-09,1.0058464212545748e-08,0.6540522430879129,34,0.5174779482636738,-2.1194786401820393e-08,4.131171482691189e-08,0.1105550072120959,False,-5.706560274258727e-08,-6.712406695513303e-08,2.029239330766281e-08,1.1389295711517295,34,0.2626937900061416,-1.5916259031314373e-08,5.6501045646639995e-08,0.1925142345790018,False,1.6654629725048443e-09,0.25779689845723636,34,0.7981176727124766,-1.1463585521095947e-08,1.4794511466105637e-08,0.043575629117389734,False,2.045518428955726e-09,3.8005545645088e-10,-1.4089852937961558e-09,-0.29688015012283386,34,0.7683641914397625,-1.105396366584939e-08,8.235993078257079e-09,-0.05018190440415075,False,5.532570437763078e-09,6.9415557315592325e-09,3.0744482663010016e-09,0.42789507624414513,34,0.6714257885135729,-1.152733370140417e-08,1.7676230234006172e-08,0.07232746885302446,False
PID030,2025-11-26_001(PID030),False,35,524,521,3.045875541672719e-08,1.8209145257077144,34,0.07743030735078583,-3.5349535588422687e-09,6.445246439229666e-08,0.30779073177976674,False,2.29794063486681e-08,-7.47934906805909e-09,1.6325037299613537e-08,1.1462650494395754,34,0.25968903236864255,-1.2618065722472837e-08,4.526814032169991e-08,0.19375415671609011,False,-5.2617862455221794e-08,-6.894289975483534e-08,1.4133718117113671e-08,0.8454159979748042,34,0.4037890552754001,-1.984147410606999e-08,4.810891034029733e-08,0.14290138554079213,False,1.133568045829639e-09,0.17540851700715585,34,0.8617991430876515,-1.1999702084840922e-08,1.42668381765002e-08,0.02964945089284343,False,2.288543055667726e-09,1.1549750098380862e-09,-1.6280615612751556e-09,-0.34240747624670714,34,0.7341520389007032,-1.1290873848553551e-08,8.03475072600324e-09,-0.057877427080151596,False,4.614310416238454e-09,6.242371977513608e-09,2.761629607104797e-09,0.384742625320235,34,0.7028243155095846,-1.1825541754884659e-08,1.734880096909425e-08,0.06503337335296322,False
PID031,2025-11-26_002(PID031),False,35,524,521,2.496366760510252e-08,1.5977591811584684,34,0.11935014726713963,-6.788474408012584e-09,5.671580961821762e-08,0.27007059399752603,False,2.0125409603845928e-08,-4.838258001256591e-09,9.889093481468744e-09,0.6433710444948507,34,0.5242993614047442,-2.134802249042567e-08,4.112620945336316e-08,0.10874955512479056,False,-6.002825689612747e-08,-6.991735037759624e-08,1.5074574123633787e-08,0.8844627005591469,34,0.3826585953051581,-1.9562523035681684e-08,4.971167128294926e-08,0.14950148290524737,False,9.054655512130702e-10,0.14040138550446896,34,0.8891713596073723,-1.2200725589404501e-08,1.401165669183064e-08,0.023732165665776118,False,1.9581667864062485e-09,1.052701235193177e-09,-1.8813350475045265e-09,-0.3959402276748489,34,0.6946229285837926,-1.1537673437090523e-08,7.775003342081468e-09,-0.06692611360751521,False,3.787563731025795e-09,5.66889877853032e-09,2.7868005987175997e-09,0.38818920090385084,34,0.7002960550848019,-1.180263208544904e-08,1.737623328288424e-08,0.0656159509567105,False
PID032,2025-11-27_001,False,35,524,521,3.3831513951366775e-08,2.0587996771035675,34,0.04724033633571221,4.3637151269217565e-10,6.722665639004138e-08,0.3480006613475552,True,2.296610479860596e-08,-1.0865409152760815e-08,1.4304403463744872e-08,0.9583791595127118,34,0.3446374349100725,-1.6028106493004956e-08,4.4636913420494703e-08,0.1619956448610616,False,-5.818688647676569e-08,-7.249128994051056e-08,1.9527110487621918e-08,1.0965751226866796,34,0.2805335265970552,-1.6661803751178302e-08,5.571602472642214e-08,0.18535502611361845,False,6.293136664058046e-10,0.09800130299226302,34,0.9225067391502559,-1.2420709181685985e-08,1.3679336514497594e-08,0.016565243638569916,False,8.907493875002219e-10,2.61435721094416e-10,-2.2100840697716685e-10,-0.049049697809280784,34,0.9611667012058287,-9.377907259622489e-09,8.935890445668156e-09,-0.00829091215933233,False,5.65347744738016e-09,5.874485854357325e-09,8.503220733829734e-10,0.12484537843104329,34,0.9013812054140649,-1.2991298549671795e-08,1.4691942696437742e-08,0.021102720552837597,False
PID033,2025-11-27_002,False,35,524,521,2.9874946785750806e-08,1.788427847730038,34,0.0826215187151707,-4.07285639152656e-09,6.382274996302817e-08,0.302299480956801,False,2.410357556049812e-08,-5.771371225252686e-09,1.0161639214788142e-08,0.6605951128316081,34,0.513323242376085,-2.1099469289938157e-08,4.142274771951444e-08,0.11166095405249961,False,-5.8406275113168835e-08,-6.856791432795698e-08,1.9713307570962676e-08,1.106685241197022,34,0.27619886822450174,-1.6486923154304633e-08,5.5913538296229986e-08,0.18706394804858356,False,2.012511257403295e-09,0.3127950176613967,34,0.7563470213268525,-1.1062872690129117e-08,1.5087895204935706e-08,0.05287200800688218,False,2.4999420320210174e-09,4.874307746177199e-10,-1.8058545424200026e-09,-0.379859417106806,34,0.7064123092396588,-1.1467160312885145e-08,7.855451228045142e-09,-0.06420796051330227,False,3.728087808941029e-09,5.53394235136103e-09,3.8183657998233e-09,0.534478202729162,34,0.596488782388918,-1.0700192471840466e-08,1.8336924071487066e-08,0.09034330541924038,False
PID034,2025-11-27_003,True,35,524,521,2.8001238756012028e-08,1.698624204727108,34,0.09852472721320972,-5.4996165583287085e-09,6.150209407035277e-08,0.2871198947619916,False,1.8428476741339876e-08,-9.572762014672144e-09,1.3944115807066066e-08,0.9287382384829661,34,0.359571775747899,-1.6568090552056683e-08,4.445632216618881e-08,0.15698541475658928,False,-5.8135079182143887e-08,-7.207919498920996e-08,1.4057122948945964e-08,0.8423089886364842,34,0.40550125468888065,-1.9858591254750398e-08,4.7972837152642325e-08,0.14237620510843965,False,-1.7469014424824334e-09,-0.31124684818546505,34,0.7575133853969843,-1.3153059883928506e-08,9.659256998963639e-09,-0.0526103196029573,False,-3.057602756919522e-10,1.4411411667904793e-09,-4.021809567163371e-09,-0.9784217454124189,34,0.3347766870914679,-1.2375365126115166e-08,4.331745991788424e-09,-0.16538346021084147,False,3.080354000342511e-09,7.102163567505881e-09,2.27490812468094e-09,0.3187102560356813,34,0.7518959434679067,-1.223096188744543e-08,1.678077813680731e-08,0.05387186578283419,False
PID035,2025-11-28_001,False,35,524,521,3.059849880293262e-08,1.8290279133859728,34,0.07617799592244229,-3.39968719003435e-09,6.459668479589959e-08,0.3091621446030751,False,1.8417959159291835e-08,-1.2180539643640787e-08,9.344632947393218e-09,0.6094942164676596,34,0.5462486959099452,-2.181329847481081e-08,4.050256436959725e-08,0.10302332605601319,False,-6.030916819497637e-08,-6.96538011423696e-08,2.125386585553941e-08,1.1953870223034821,34,0.24020718630831375,-1.4879245330044094e-08,5.738697704112291e-08,0.20205728558940797,False,3.374502456977707e-09,0.5503574450447316,34,0.5856722214399832,-9.086152253189267e-09,1.583515716714468e-08,0.0930273872602141,False,3.190269420608867e-09,-1.842330363688416e-10,-3.6572323547873604e-09,-0.8491553732927981,34,0.4017343789732205,-1.2409918383841024e-08,5.095453674266303e-09,-0.14353345533279802,False,5.894721838734089e-09,9.551954193521447e-09,7.03173481176507e-09,1.1879146109812748,34,0.24309941706433075,-4.997921469996988e-09,1.9061391093527128e-08,0.200794217544999,False
PID036,2025-11-28_002,False,35,524,521,3.0638977607282154e-08,1.8314029578380855,34,0.07581468541213605,-3.3600359615343114e-09,6.463799117609862e-08,0.3095636003878496,False,2.3771879009409097e-08,-6.867098597873055e-09,1.0074227023044699e-08,0.6550500358467746,34,0.5168431793449069,-2.1180320618857516e-08,4.1328774664946916e-08,0.11072366497119376,False,-5.660318465304888e-08,-6.667741167609359e-08,2.056475058423746e-08,1.1545361437078476,34,0.2563309348633807,-1.5633857565080406e-08,5.6763358733555326e-08,0.1951522268185083,False,1.6585045806595836e-09,0.2567068356423062,34,0.7989521603693154,-1.1471207447812228e-08,1.4788216609131395e-08,0.04339137487219781,False,2.863357696774623e-09,1.2048531161150378e-09,-2.0705551411574273e-09,-0.43684080284599885,34,0.6649887190879689,-1.1703067235821289e-08,7.561956953506436e-09,-0.07383957263286339,False,4.507090893868994e-09,6.577646035026419e-09,3.729059721817013e-09,0.521302084883851,34,0.6055355731038561,-1.0808309999750444e-08,1.8266429443384472e-08,0.08811613500768659,False
PID038,2025-11-28_003,False,35,524,521,3.061950384097167e-08,1.8302589565104377,34,0.07598949854036281,-3.379137901772664e-09,6.4618145583716e-08,0.30937022886995424,False,2.478201314807966e-08,-5.837490692892008e-09,9.365560116806859e-09,0.6107843645192244,34,0.5454041485372683,-2.1796187350398792e-08,4.052730758401251e-08,0.10324140087901511,False,-5.9291155544504725e-08,-6.865671566131158e-08,2.1253943724164818e-08,1.1953917543957095,34,0.2402053627894466,-1.4879156806227086e-08,5.738704425455672e-08,0.20205808545898396,False,1.5764288163758856e-09,0.24388023876082418,34,0.8087892122693663,-1.1559890971928128e-08,1.47127486046799e-08,0.041223284286583416,False,2.3172541522346873e-09,7.408253358587997e-10,-1.96581271393901e-09,-0.41408898869340555,34,0.6814096827944207,-1.1613526619240294e-08,7.681901191362274e-09,-0.06999381412609205,False,4.782452836626669e-09,6.748265550565676e-09,3.5422415303148977e-09,0.49411413880922117,34,0.6244029381821063,-1.1026661351128616e-08,1.811114441175841e-08,0.08352053334722602,False
